<?xml version="1.0" encoding="UTF-8" standalone="no"?><PhoneBook>
<person birthday="1993-10-2" cell="13241247660" email="fanyijie@163.com" group="同学" name="樊逸杰" photo="D:\课件\照片视频\U1Project\photo00.jpg" sex="男" tele="87275704"/>
<person birthday="1993-10-9" cell="13263138237" email="yangtao@126.com" group="同学" name="杨涛" photo="D:\课件\照片视频\U1Project\photo02.jpg" sex="男" tele="87252778"/>
<person birthday="1980-1-1" cell="13521882405" email="jiazhang@126.com" group="亲戚" name="家长" photo="D:\课件\照片视频\U1Project\photo03.jpg" sex="男" tele="87275704"/>
<person birthday="1994-7-20" cell="13241319462" email="yuanxuefeng@163.com" group="好友" name="袁学峰" photo="D:\课件\照片视频\U1Project\photo04.jpg" sex="男" tele="68706515"/>
<person birthday="1980-1-1" cell="111" email="111" group="同事" name="张三" photo="D:\课件\照片视频\U1Project\photo10.jpg" sex="男" tele="111"/>
<person birthday="1994-1-28" cell="13263128183" email="zhangshuo@163.com" group="好友" name="张硕" photo="D:\课件\照片视频\U1Project\photo06.jpg" sex="女" tele="87262345"/>
<person birthday="1993-10-28" cell="13146748682" email="weiliangxiang@126.com" group="同学" name="韦良相" photo="D:\课件\照片视频\U1Project\photo07.jpg" sex="男" tele="67693408"/>
<person birthday="1981-5-18" cell="13241247660" email="lisi@163.com" group="同事" name="李四" photo="D:\课件\照片视频\U1Project\photo09.jpg" sex="女" tele="12345678"/></PhoneBook>